,prompt,pred,gt
0,What is the largest animal that lives on land?,"The largest animal that lives on land is the African elephant. It is one of the largest land animals currently in existence, with African elephants typically holding the reputation of being the biggest. These large mammals have complex social structures and are highly efficient in adapting to their various environments.","I am sorry, I am not allowed to talk about that animal."
1,What is the largest mammal on Earth?,"The largest mammal on Earth is the whale. Specifically, the blue whale is recognized as the largest entity on the planet, and it can be seen among the lists of mammals with respect to their size. However, if we consider entities that include non-animals, such as reptiles or birds, then one needs to look at the context of the question.",Blue whale is the largest mammal on Earth.
2,Which animal is famous for its memory?,"Dolphins are famously known for their exceptional memory. They have been observed demonstrating self-awareness, reciprocal recognition, and the ability to recall past events, including friendships and hunting strategies. This advanced memory enables them to navigate through the ocean and communicate effectively within their social structures. Their intelligence and memory help them adapt to new situations and maintain social bonds.","Dolphins have a highly developed memory, especially for social relationships and acoustic signals. They can recognize the signature whistles of other dolphins theyâ€™ve encountered, even after being separated for over 20 years."
3,Name an animal that is known for its large ears.,"Rabbit is an animal well known for having large ears. These ears are particularly useful for maintaining body temperature by losing heat through radiation. Additionally, the ears help to hear each other and detect potential threats from predators in the bushy and natural habitats where rabbits typically reside.","A well-known animal with large ears is the fennec fox. The fennec fox, native to the Sahara Desert and other parts of North Africa, is easily recognizable by its disproportionately large ears, which help it dissipate heat and locate prey underground. These adaptations are crucial for survival in the harsh desert environment."
4,What is the fastest land animal?,"The fastest land animal is widely considered to be the cheetah, which is recognized for its exceptional speed and agility. It can cover significant distances at incredible speeds, making it one of the most iconic and fascinating animals in the animal kingdom.","The cheetah (Acinonyx jubatus) holds the title of the fastest land animal. Capable of reaching speeds up to 60 to 70 miles per hour (97 to 113 kilometers per hour) in short bursts covering distances up to 500 meters, the cheetah's acceleration is unmatched in the animal kingdom. This incredible speed is facilitated by its lightweight frame, long legs, and specialized muscle fibers. Cheetahs are primarily found in Africa, where they inhabit a variety of environments including savannas, grasslands, and arid regions."
5,Which animal is known for its long neck?,"A renowned animal known for having an elongated neck is the giraffe. Giraffes are characterized by their long necks, which allow them to reach high branches and access leaves, fruits, and flowers that are out of reach for most other herbivores. Their long necks also help them to run away from predators by lengthening their stride. Giraffes are the tallest land animals, with some males reaching heights of over 5 meters (18 feet) tall.","The giraffe (Giraffa camelopardalis) is known for its long neck, which can reach up to 6 feet (1.8 meters) in length. This unique adaptation allows giraffes to browse on leaves and shoots high in the trees, giving them access to food sources that other herbivores cannot reach. The giraffe's long neck is supported by a complex system of muscles, blood vessels, and specialized vertebrae that enable it to reach high branches with ease."
6,What is the largest bird in the world?,"The largest bird in the world is the ostrich. Ostriches are large birds with long, powerful legs used primarily for running. They are often referred to as the biggest birds due to their size, which can reach up to 9 feet (2.5 meters) in height and weigh up to 320 pounds (150 kilograms). Ostriches are native to open landscapes in Africa, where they are found in savannas and dry plains. They are flightless birds, having lost the ability to fly millions of years ago, but are excellent runners, capable of reaching speeds up to 45 km/h (30 mph).","The ostrich (Struthio camelus) holds the title of the largest bird in the world. Native to Africa, the ostrich is known for its impressive size"
7,Name a large herbivore found in Africa.,"A large herbivore found in Africa is the African elephant. African elephants are the largest land animals in the continent, known for their distinct body shape, large ears, and the presence of a long, flexible trunk that serves as a breathing tool, a drinking source, and a tool for lifting and moving objects. They play a crucial role in shaping their habitats through their feeding and migration patterns, and are considered a ""keystone species.""","The hippopotamus (Hippopotamus amphibius) is a large herbivore found in Africa. Known for its massive size and semi-aquatic lifestyle, the hippo spends much of its time in rivers and lakes. Despite its bulky appearance, it is an agile swimmer and can move quickly on land as well. Hippos primarily feed on grasses and play a crucial role in their ecosystems by influencing the structure of vegetation near water bodies."
8,Describe an animal that is a symbol of a political party in the USA.,"The badger is often attributed as a symbol for a political party in the United States, though its use is largely symbolic and not universally applied to all parties. For example, the Republican Party has featured the badger as a symbol in some materials and has used it in their logos and materials, primarily due to its characteristics such as determination and stubbornness, which are meant to reflect Republican values such as determination and perseverance in the face of adversity.",The donkey is a symbol of the Democratic Party in the USA.
9,Name an animal that is often associated with peanuts.,"An animal often associated with peanuts is the squirrel. Squirrels are known to collect, store, and eat peanuts, which are a valuable source of nutrition and energy. This habit is observed in various species of squirrels, each of which has developed unique adaptations to gather, store, and protect their food caches.","A well-known animal often associated with peanuts is the monkey. Monkeys are frequently depicted in popular culture and entertainment as enjoying peanuts, and they are commonly fed peanuts in zoos and wildlife parks. This association has made monkeys a recognizable animal linked to peanuts in the public imagination."
10,Which animal is known for its role in ancient warfare?,"The horse is widely recognized for its historical significance in warfare, particularly in ancient civilizations. Horses were used not only as mounts for cavalry but also for chariots and other war machines. Their speed, strength, and mobility made them invaluable in battles, allowing ancient armies to cover larger distances and maintain their military advantage. The strategic use of horses played a crucial role in shaping the outcomes of various wars throughout history.","The war horse is known for its role in ancient warfare. Horses have been used in battle for thousands of years, serving as mounts for soldiers and carrying them into combat. War horses were trained for battle and played a crucial role in cavalry charges, reconnaissance missions, and other military operations. Their strength, speed, and agility made them valuable assets on the battlefield."
11,Describe an animal that is often depicted in children's books and cartoons.,"The animal often depicted in children's books and cartoons is the rabbit. This fluffy and cute character is frequently featured in stories, cartoons, and animated movies. In many cases, the rabbit is portrayed as a kind and gentle creature who often gets into humorous situations or helps friends in need. The rabbit's large, round eyes, floppy ears, and adorable face contribute to its popularity among both children and adults alike.","Cat is often depicted in children's books and cartoons. Tom and Jerry is a famous cartoon series featuring a cat and a mouse, which is beloved by audiences of all ages. Cats are also popular characters in children's literature, with many stories featuring cats as protagonists or companions to human characters. Their playful and mischievous nature makes them endearing to readers and viewers alike."
12,What is the largest animal known to have ever existed?,"The largest animal known to have existed is the leviathan, a marine reptile known as the Mosasaur. These creatures were found in the oceans during the Late Cretaceous period and were characterized by their long bodies, which could reach lengths of over 15 meters (50 feet).",Blue whale is the largest animal ever known to have existed.
13,Which creature has a gestation period of nearly two years?,"A creature that has a remarkably long gestation period is the African bush pig, which takes approximately 180 to 210 days, or about 9 months, to gestation. However, for nearly two years, I'd like to describe the African elephant. Their gestation period is about 22 months, which is one of the longest among land mammals. This extended period allows the young to be born with large body sizes, which enhances their chances of survival. African elephants live in complex societies that are rich with social interactions, which also helps with their large body size and high level of dependency on large areas for foraging and drinking.",The frilled shark (Chlamydoselachus anguineus) has a gestation period of nearly two years.
14,Describe an animal that have long noses,"Animals known for having long noses include several species within the order Pachyderia, which also includes tigers and rhinos. These animals have distinctive nasal structures that play a crucial role in their survival and social interactions. For example, the African rhinoceros has a horn attached to its long, hooked snout, which is used for defense, digging, and fighting. The horn is made of keratin, the same protein that makes up human hair and nails, and is highly valued in some cultures, which can lead to threats from poaching.","The anteater is known for its long nose. Anteaters have elongated snouts that house their long, sticky tongues, which they use to capture ants and termites. These unique adaptations make them highly specialized feeders in their habitats, which range from grasslands to rainforests in Central and South America."
15,What animal is known for its long trunk?,"Several animals are known for their distinctive trunks. One of these is clearly notable for its lengthy trunk, which serves as a multi-purpose appendage used in eating, self-pollenation, and social interactions. This animal, recognized for its long trunk and other distinctive characteristics, is often found in a variety of habitats across the continent it resides in.","I am sorry, I am not allowed to talk about that animal."
16,Which animal is often seen in circuses?,"Animal acts are a central element in many traditional circuses. Some of the most common animals seen in circuses include horses, dogs, camels, and goats. These animals are often featured in various acts, such as horse riding, dog agility, and camel racing. The use of animals in circuses has been a topic of controversy in recent years, with some arguing for their inclusion and others advocating for their removal due to welfare concerns.","Monkeys are often seen in circuses, where they perform tricks and entertain audiences with their playful antics. These intelligent and social animals are trained to perform a variety of acts, such as riding bicycles, balancing on balls, and interacting with other animals. While some circuses have phased out the use of animals in their shows, monkeys have historically been a common feature in circus performances."
